,file_name,total_RNAs
0,20221123_221123_smFISH_72hpi_WT_HIV_008_results_results_cell_0.npz,48
1,20221123_221123_smFISH_72hpi_WT_HIV_008_results_results_cell_1.npz,444
2,20221123_221123_smFISH_72hpi_WT_HIV_008_results_results_cell_2.npz,2167
3,20221123_221123_smFISH_72hpi_WT_HIV_008_results_results_cell_3.npz,26
4,20221123_221123_smFISH_72hpi_WT_HIV_008_results_results_cell_4.npz,393
5,20221123_221123_smFISH_72hpi_WT_HIV_008_results_results_cell_5.npz,1564
6,20221123_221123_smFISH_72hpi_WT_HIV_008_results_results_cell_6.npz,2319
7,20221123_221123_smFISH_72hpi_WT_HIV_008_results_results_cell_7.npz,51
8,20221123_221123_smFISH_72hpi_WT_HIV_008_results_results_cell_8.npz,73
9,20221123_221123_smFISH_72hpi_WT_HIV_008_results_results_cell_9.npz,968
10,20221123_221123_smFISH_72hpi_WT_HIV_008_results_results_cell_10.npz,826
11,20221123_221123_smFISH_72hpi_WT_HIV_008_results_results_cell_11.npz,1121
12,20221123_221123_smFISH_72hpi_WT_HIV_008_results_results_cell_12.npz,2238
13,20221123_221123_smFISH_72hpi_WT_HIV_008_results_results_cell_13.npz,48
14,20221123_221123_smFISH_72hpi_WT_HIV_008_results_results_cell_14.npz,11
15,20221123_221123_smFISH_72hpi_WT_HIV_008_results_results_cell_15.npz,1107
16,20221123_221123_smFISH_72hpi_WT_HIV_008_results_results_cell_16.npz,11
17,20221123_221123_smFISH_72hpi_WT_HIV_008_results_results_cell_17.npz,180
18,20221123_221123_smFISH_72hpi_MKRN1KO_HIV_002_results_results_cell_0.npz,5036
19,20221123_221123_smFISH_72hpi_MKRN1KO_HIV_002_results_results_cell_1.npz,4211
20,20221123_221123_smFISH_72hpi_MKRN1KO_HIV_002_results_results_cell_2.npz,968
21,20221123_221123_smFISH_72hpi_MKRN1KO_HIV_002_results_results_cell_3.npz,2153
22,20221123_221123_smFISH_72hpi_MKRN1KO_HIV_002_results_results_cell_4.npz,89
23,20221123_221123_smFISH_72hpi_MKRN1KO_HIV_002_results_results_cell_5.npz,172
24,20221123_221123_smFISH_72hpi_MKRN1KO_HIV_002_results_results_cell_6.npz,676
25,20221123_221123_smFISH_72hpi_MKRN1KO_HIV_002_results_results_cell_7.npz,480
26,20221123_221123_smFISH_72hpi_MKRN1KO_HIV_002_results_results_cell_8.npz,5778
27,20221123_221123_smFISH_72hpi_MKRN1KO_HIV_002_results_results_cell_9.npz,301
28,20221123_221123_smFISH_72hpi_MKRN1KO_HIV_002_results_results_cell_10.npz,12937
29,20221123_221123_smFISH_72hpi_MKRN1KO_HIV_002_results_results_cell_11.npz,4823
30,20221123_221123_smFISH_72hpi_MKRN1KO_HIV_002_results_results_cell_12.npz,588
31,20221123_221123_smFISH_72hpi_MKRN1KO_HIV_002_results_results_cell_13.npz,18217
32,20221123_221123_smFISH_72hpi_MKRN1KO_HIV_002_results_results_cell_14.npz,88
33,20221123_221123_smFISH_72hpi_MKRN1KO_HIV_002_results_results_cell_15.npz,7049
34,20221123_221123_smFISH_72hpi_MKRN1KO_HIV_002_results_results_cell_16.npz,3884
35,20221123_221123_smFISH_72hpi_MKRN1KO_HIV_002_results_results_cell_17.npz,664
36,20221123_221123_smFISH_72hpi_MKRN1KO_HIV_002_results_results_cell_18.npz,6513
37,20221123_221123_smFISH_72hpi_MKRN1KO_HIV_002_results_results_cell_19.npz,323
38,20221123_221123_smFISH_72hpi_WT_HIV_001_results_results_cell_0.npz,69
39,20221123_221123_smFISH_72hpi_WT_HIV_001_results_results_cell_1.npz,337
40,20221123_221123_smFISH_72hpi_WT_HIV_001_results_results_cell_2.npz,1762
41,20221123_221123_smFISH_72hpi_WT_HIV_001_results_results_cell_3.npz,72
42,20221123_221123_smFISH_72hpi_WT_HIV_001_results_results_cell_4.npz,10
43,20221123_221123_smFISH_72hpi_WT_HIV_001_results_results_cell_5.npz,40
44,20221123_221123_smFISH_72hpi_WT_HIV_001_results_results_cell_6.npz,2124
45,20221123_221123_smFISH_72hpi_WT_HIV_001_results_results_cell_7.npz,53
46,20221123_221123_smFISH_72hpi_WT_HIV_001_results_results_cell_8.npz,3
47,20221123_221123_smFISH_72hpi_WT_HIV_001_results_results_cell_9.npz,368
48,20221123_221123_smFISH_72hpi_WT_HIV_001_results_results_cell_10.npz,393
49,20221123_221123_smFISH_72hpi_WT_HIV_001_results_results_cell_11.npz,184
50,20221123_221123_smFISH_72hpi_WT_HIV_001_results_results_cell_12.npz,3
51,20221123_221123_smFISH_72hpi_WT_HIV_001_results_results_cell_13.npz,8
52,20221123_221123_smFISH_72hpi_WT_HIV_001_results_results_cell_14.npz,2
53,20221123_221123_smFISH_72hpi_WT_HIV_001_results_results_cell_15.npz,7
54,20221123_221123_smFISH_72hpi_WT_HIV_001_results_results_cell_16.npz,15
55,20221123_221123_smFISH_72hpi_WT_HIV_001_results_results_cell_17.npz,40
56,20221123_221123_smFISH_72hpi_WT_HIV_001_results_results_cell_18.npz,86
57,20221123_221123_smFISH_72hpi_WT_HIV_001_results_results_cell_19.npz,2622
58,20221123_221123_smFISH_72hpi_WT_HIV_001_results_results_cell_20.npz,1307
59,20221123_221123_smFISH_72hpi_WT_HIV_001_results_results_cell_21.npz,1302
60,20221123_221123_smFISH_72hpi_WT_HIV_001_results_results_cell_22.npz,1125
61,20221123_221123_smFISH_72hpi_WT_HIV_001_results_results_cell_23.npz,50
62,20221123_221123_smFISH_72hpi_WT_HIV_001_results_results_cell_24.npz,37
63,20221123_221123_smFISH_72hpi_WT_HIV_001_results_results_cell_25.npz,2078
64,20221123_221123_smFISH_72hpi_WT_HIV_001_results_results_cell_26.npz,2179
65,20221123_221123_smFISH_72hpi_WT_HIV_001_results_results_cell_27.npz,416
66,20221123_221123_smFISH_72hpi_WT_HIV_004_results_results_cell_0.npz,5
67,20221123_221123_smFISH_72hpi_WT_HIV_004_results_results_cell_1.npz,1
68,20221123_221123_smFISH_72hpi_WT_HIV_004_results_results_cell_2.npz,21
69,20221123_221123_smFISH_72hpi_WT_HIV_004_results_results_cell_3.npz,5
70,20221123_221123_smFISH_72hpi_WT_HIV_004_results_results_cell_4.npz,7
71,20221123_221123_smFISH_72hpi_WT_HIV_004_results_results_cell_5.npz,4
72,20221123_221123_smFISH_72hpi_WT_HIV_004_results_results_cell_6.npz,8329
73,20221123_221123_smFISH_72hpi_WT_HIV_004_results_results_cell_7.npz,1102
74,20221123_221123_smFISH_72hpi_WT_HIV_004_results_results_cell_8.npz,1181
75,20221123_221123_smFISH_72hpi_WT_HIV_004_results_results_cell_9.npz,54
76,20221123_221123_smFISH_72hpi_WT_HIV_004_results_results_cell_10.npz,4993
77,20221123_221123_smFISH_72hpi_WT_HIV_004_results_results_cell_11.npz,90
78,20221123_221123_smFISH_72hpi_WT_HIV_004_results_results_cell_12.npz,100
79,20221123_221123_smFISH_72hpi_WT_HIV_004_results_results_cell_13.npz,860
80,20221123_221123_smFISH_72hpi_WT_HIV_004_results_results_cell_14.npz,1649
81,20221123_221123_smFISH_72hpi_WT_HIV_004_results_results_cell_15.npz,310
82,20221123_221123_smFISH_72hpi_WT_HIV_004_results_results_cell_16.npz,235
83,20221123_221123_smFISH_72hpi_WT_HIV_004_results_results_cell_17.npz,6586
84,20221123_221123_smFISH_72hpi_WT_HIV_004_results_results_cell_18.npz,331
85,20221123_221123_smFISH_72hpi_WT_HIV_004_results_results_cell_19.npz,2243
86,20221123_221123_smFISH_72hpi_WT_HIV_004_results_results_cell_20.npz,2977
87,20221123_221123_smFISH_72hpi_WT_HIV_004_results_results_cell_21.npz,16
88,20221123_221123_smFISH_72hpi_WT_no_virus_002_results_results_cell_0.npz,3
89,20221123_221123_smFISH_72hpi_WT_no_virus_002_results_results_cell_1.npz,1
90,20221123_221123_smFISH_72hpi_WT_no_virus_002_results_results_cell_2.npz,0
91,20221123_221123_smFISH_72hpi_WT_no_virus_002_results_results_cell_3.npz,0
92,20221123_221123_smFISH_72hpi_WT_no_virus_002_results_results_cell_4.npz,0
93,20221123_221123_smFISH_72hpi_WT_no_virus_002_results_results_cell_5.npz,0
94,20221123_221123_smFISH_72hpi_WT_no_virus_002_results_results_cell_6.npz,0
95,20221123_221123_smFISH_72hpi_WT_no_virus_002_results_results_cell_7.npz,0
96,20221123_221123_smFISH_72hpi_WT_no_virus_002_results_results_cell_8.npz,0
97,20221123_221123_smFISH_72hpi_WT_no_virus_002_results_results_cell_9.npz,0
98,20221123_221123_smFISH_72hpi_WT_no_virus_002_results_results_cell_10.npz,0
99,20221123_221123_smFISH_72hpi_WT_no_virus_002_results_results_cell_11.npz,0
100,20221123_221123_smFISH_72hpi_WT_no_virus_002_results_results_cell_12.npz,0
101,20221123_221123_smFISH_72hpi_WT_no_virus_002_results_results_cell_13.npz,0
102,20221123_221123_smFISH_72hpi_WT_no_virus_002_results_results_cell_14.npz,0
103,20221123_221123_smFISH_72hpi_WT_no_virus_002_results_results_cell_15.npz,0
104,20221123_221123_smFISH_72hpi_WT_no_virus_002_results_results_cell_16.npz,0
105,20221123_221123_smFISH_72hpi_WT_no_virus_002_results_results_cell_17.npz,0
106,20221123_221123_smFISH_72hpi_WT_no_virus_002_results_results_cell_18.npz,0
107,20221123_221123_smFISH_72hpi_WT_no_virus_002_results_results_cell_19.npz,0
108,20221123_221123_smFISH_72hpi_MKRN1KO_HIV_007_results_results_cell_0.npz,29705
109,20221123_221123_smFISH_72hpi_MKRN1KO_HIV_007_results_results_cell_1.npz,88
110,20221123_221123_smFISH_72hpi_MKRN1KO_HIV_007_results_results_cell_2.npz,786
111,20221123_221123_smFISH_72hpi_MKRN1KO_HIV_007_results_results_cell_3.npz,2806
112,20221123_221123_smFISH_72hpi_MKRN1KO_HIV_007_results_results_cell_4.npz,1031
113,20221123_221123_smFISH_72hpi_MKRN1KO_HIV_007_results_results_cell_5.npz,6695
114,20221123_221123_smFISH_72hpi_MKRN1KO_HIV_007_results_results_cell_6.npz,3267
115,20221123_221123_smFISH_72hpi_MKRN1KO_HIV_007_results_results_cell_7.npz,1125
116,20221123_221123_smFISH_72hpi_MKRN1KO_HIV_007_results_results_cell_8.npz,1868
117,20221123_221123_smFISH_72hpi_MKRN1KO_HIV_007_results_results_cell_9.npz,500
118,20221123_221123_smFISH_72hpi_MKRN1KO_HIV_007_results_results_cell_10.npz,33
119,20221123_221123_smFISH_72hpi_MKRN1KO_HIV_007_results_results_cell_11.npz,41
120,20221123_221123_smFISH_72hpi_MKRN1KO_HIV_007_results_results_cell_12.npz,950
121,20221123_221123_smFISH_72hpi_MKRN1KO_HIV_007_results_results_cell_13.npz,215
122,20221123_221123_smFISH_72hpi_MKRN1KO_HIV_007_results_results_cell_14.npz,754
123,20221123_221123_smFISH_72hpi_MKRN1KO_HIV_007_results_results_cell_15.npz,890
124,20221123_221123_smFISH_72hpi_MKRN1KO_HIV_004_results_results_cell_0.npz,9162
125,20221123_221123_smFISH_72hpi_MKRN1KO_HIV_004_results_results_cell_1.npz,6321
126,20221123_221123_smFISH_72hpi_MKRN1KO_HIV_004_results_results_cell_2.npz,6114
127,20221123_221123_smFISH_72hpi_MKRN1KO_HIV_004_results_results_cell_3.npz,12712
128,20221123_221123_smFISH_72hpi_MKRN1KO_HIV_004_results_results_cell_4.npz,3812
129,20221123_221123_smFISH_72hpi_MKRN1KO_HIV_004_results_results_cell_5.npz,214
130,20221123_221123_smFISH_72hpi_MKRN1KO_HIV_004_results_results_cell_6.npz,858
131,20221123_221123_smFISH_72hpi_MKRN1KO_HIV_004_results_results_cell_7.npz,267
132,20221123_221123_smFISH_72hpi_MKRN1KO_HIV_004_results_results_cell_8.npz,37
133,20221123_221123_smFISH_72hpi_MKRN1KO_HIV_004_results_results_cell_9.npz,172
134,20221123_221123_smFISH_72hpi_MKRN1KO_HIV_004_results_results_cell_10.npz,14
135,20221123_221123_smFISH_72hpi_MKRN1KO_HIV_004_results_results_cell_11.npz,5329
136,20221123_221123_smFISH_72hpi_MKRN1KO_HIV_004_results_results_cell_12.npz,5889
137,20221123_221123_smFISH_72hpi_MKRN1KO_HIV_004_results_results_cell_13.npz,148
138,20221123_221123_smFISH_72hpi_MKRN1KO_HIV_004_results_results_cell_14.npz,1861
139,20221123_221123_smFISH_72hpi_MKRN1KO_HIV_004_results_results_cell_15.npz,12567
140,20221123_221123_smFISH_72hpi_MKRN1KO_HIV_004_results_results_cell_16.npz,3165
141,20221123_221123_smFISH_72hpi_MKRN1KO_HIV_004_results_results_cell_17.npz,1571
142,20221123_221123_smFISH_72hpi_MKRN1KO_HIV_004_results_results_cell_18.npz,3767
143,20221123_221123_smFISH_72hpi_MKRN1KO_HIV_004_results_results_cell_19.npz,1156
144,20221123_221123_smFISH_72hpi_MKRN1KO_HIV_004_results_results_cell_20.npz,1804
145,20221123_221123_smFISH_72hpi_MKRN1KO_HIV_004_results_results_cell_21.npz,6701
146,20221123_221123_smFISH_72hpi_MKRN1KO_HIV_004_results_results_cell_22.npz,7987
147,20221123_221123_smFISH_72hpi_MKRN1KO_HIV_004_results_results_cell_23.npz,394
148,20221123_221123_smFISH_72hpi_MKRN1KO_HIV_004_results_results_cell_24.npz,1857
149,20221123_221123_smFISH_72hpi_MKRN1KO_HIV_004_results_results_cell_25.npz,1260
150,20221123_221123_smFISH_72hpi_MKRN1KO_HIV_004_results_results_cell_26.npz,1276
151,20221123_221123_smFISH_72hpi_MKRN1KO_HIV_004_results_results_cell_27.npz,3937
152,20221123_221123_smFISH_72hpi_MKRN1KO_HIV_004_results_results_cell_28.npz,1495
153,20221123_221123_smFISH_72hpi_MKRN1KO_HIV_004_results_results_cell_29.npz,819
154,20221123_221123_smFISH_72hpi_MKRN1KO_HIV_004_results_results_cell_30.npz,125
155,20221123_221123_smFISH_72hpi_MKRN1KO_HIV_004_results_results_cell_31.npz,33
156,20221123_221123_smFISH_72hpi_MKRN1KO_HIV_004_results_results_cell_32.npz,530
157,20221123_221123_smFISH_72hpi_MKRN1KO_HIV_004_results_results_cell_33.npz,17
158,20221123_221123_smFISH_72hpi_MKRN1KO_HIV_004_results_results_cell_34.npz,667
159,20221123_221123_smFISH_72hpi_MKRN1KO_HIV_004_results_results_cell_35.npz,2170
160,20221123_221123_smFISH_72hpi_MKRN1KO_HIV_004_results_results_cell_36.npz,2685
161,20221123_221123_smFISH_72hpi_MKRN1KO_HIV_004_results_results_cell_37.npz,3661
162,20221123_221123_smFISH_72hpi_WT_no_virus_001_results_results_cell_0.npz,0
163,20221123_221123_smFISH_72hpi_WT_no_virus_001_results_results_cell_1.npz,2
164,20221123_221123_smFISH_72hpi_WT_no_virus_001_results_results_cell_2.npz,1
165,20221123_221123_smFISH_72hpi_WT_no_virus_001_results_results_cell_3.npz,0
166,20221123_221123_smFISH_72hpi_WT_no_virus_001_results_results_cell_4.npz,0
167,20221123_221123_smFISH_72hpi_WT_no_virus_001_results_results_cell_5.npz,0
168,20221123_221123_smFISH_72hpi_WT_no_virus_001_results_results_cell_6.npz,0
169,20221123_221123_smFISH_72hpi_WT_no_virus_001_results_results_cell_7.npz,0
170,20221123_221123_smFISH_72hpi_WT_no_virus_001_results_results_cell_8.npz,0
171,20221123_221123_smFISH_72hpi_WT_no_virus_001_results_results_cell_9.npz,0
172,20221123_221123_smFISH_72hpi_WT_no_virus_001_results_results_cell_10.npz,0
173,20221123_221123_smFISH_72hpi_WT_no_virus_001_results_results_cell_11.npz,0
174,20221123_221123_smFISH_72hpi_WT_no_virus_001_results_results_cell_12.npz,0
175,20221123_221123_smFISH_72hpi_WT_no_virus_001_results_results_cell_13.npz,0
176,20221123_221123_smFISH_72hpi_WT_no_virus_001_results_results_cell_14.npz,0
177,20221123_221123_smFISH_72hpi_WT_no_virus_001_results_results_cell_15.npz,1
178,20221123_221123_smFISH_72hpi_WT_no_virus_001_results_results_cell_16.npz,0
179,20221123_221123_smFISH_72hpi_WT_no_virus_001_results_results_cell_17.npz,27
180,20221123_221123_smFISH_72hpi_WT_no_virus_001_results_results_cell_18.npz,0
181,20221123_221123_smFISH_72hpi_WT_no_virus_001_results_results_cell_19.npz,2
182,20221123_221123_smFISH_72hpi_WT_no_virus_001_results_results_cell_20.npz,0
183,20221123_221123_smFISH_72hpi_WT_no_virus_001_results_results_cell_21.npz,0
184,20221123_221123_smFISH_72hpi_WT_no_virus_001_results_results_cell_22.npz,0
185,20221123_221123_smFISH_72hpi_WT_no_virus_001_results_results_cell_23.npz,0
186,20221123_221123_smFISH_72hpi_WT_no_virus_001_results_results_cell_24.npz,0
187,20221123_221123_smFISH_72hpi_WT_no_virus_001_results_results_cell_25.npz,0
188,20221123_221123_smFISH_72hpi_WT_no_virus_001_results_results_cell_26.npz,0
189,20221123_221123_smFISH_72hpi_WT_no_virus_001_results_results_cell_27.npz,0
190,20221123_221123_smFISH_72hpi_WT_no_virus_001_results_results_cell_28.npz,0
191,20221123_221123_smFISH_72hpi_WT_no_virus_008_results_results_cell_0.npz,0
192,20221123_221123_smFISH_72hpi_WT_no_virus_008_results_results_cell_1.npz,0
193,20221123_221123_smFISH_72hpi_WT_no_virus_008_results_results_cell_2.npz,0
194,20221123_221123_smFISH_72hpi_WT_no_virus_008_results_results_cell_3.npz,0
195,20221123_221123_smFISH_72hpi_WT_no_virus_008_results_results_cell_4.npz,0
196,20221123_221123_smFISH_72hpi_WT_no_virus_008_results_results_cell_5.npz,6
197,20221123_221123_smFISH_72hpi_WT_no_virus_008_results_results_cell_6.npz,0
198,20221123_221123_smFISH_72hpi_WT_no_virus_008_results_results_cell_7.npz,2
199,20221123_221123_smFISH_72hpi_WT_no_virus_008_results_results_cell_8.npz,0
200,20221123_221123_smFISH_72hpi_WT_no_virus_008_results_results_cell_9.npz,0
201,20221123_221123_smFISH_72hpi_WT_no_virus_008_results_results_cell_10.npz,0
202,20221123_221123_smFISH_72hpi_WT_no_virus_008_results_results_cell_11.npz,0
203,20221123_221123_smFISH_72hpi_WT_no_virus_008_results_results_cell_12.npz,0
204,20221123_221123_smFISH_72hpi_WT_no_virus_008_results_results_cell_13.npz,0
205,20221123_221123_smFISH_72hpi_WT_no_virus_008_results_results_cell_14.npz,0
206,20221123_221123_smFISH_72hpi_WT_no_virus_008_results_results_cell_15.npz,0
207,20221123_221123_smFISH_72hpi_WT_no_virus_008_results_results_cell_16.npz,0
208,20221123_221123_smFISH_72hpi_WT_no_virus_008_results_results_cell_17.npz,0
209,20221123_221123_smFISH_72hpi_WT_no_virus_008_results_results_cell_18.npz,0
210,20221123_221123_smFISH_72hpi_WT_no_virus_008_results_results_cell_19.npz,0
211,20221123_221123_smFISH_72hpi_WT_no_virus_008_results_results_cell_20.npz,0
212,20221123_221123_smFISH_72hpi_WT_no_virus_008_results_results_cell_21.npz,0
213,20221123_221123_smFISH_72hpi_WT_no_virus_008_results_results_cell_22.npz,0
214,20221123_221123_smFISH_72hpi_WT_no_virus_008_results_results_cell_23.npz,0
215,20221123_221123_smFISH_72hpi_WT_no_virus_008_results_results_cell_24.npz,0
216,20221123_221123_smFISH_72hpi_WT_no_virus_008_results_results_cell_25.npz,0
217,20221123_221123_smFISH_72hpi_WT_no_virus_008_results_results_cell_26.npz,0
218,20221123_221123_smFISH_72hpi_WT_no_virus_008_results_results_cell_27.npz,0
219,20221123_221123_smFISH_72hpi_WT_no_virus_008_results_results_cell_28.npz,0
220,20221123_221123_smFISH_72hpi_WT_no_virus_008_results_results_cell_29.npz,1
221,20221123_221123_smFISH_72hpi_WT_HIV_007_results_results_cell_0.npz,2002
222,20221123_221123_smFISH_72hpi_WT_HIV_007_results_results_cell_1.npz,547
223,20221123_221123_smFISH_72hpi_WT_HIV_007_results_results_cell_2.npz,2093
224,20221123_221123_smFISH_72hpi_WT_HIV_007_results_results_cell_3.npz,3800
225,20221123_221123_smFISH_72hpi_WT_HIV_007_results_results_cell_4.npz,3435
226,20221123_221123_smFISH_72hpi_WT_HIV_007_results_results_cell_5.npz,14
227,20221123_221123_smFISH_72hpi_WT_HIV_007_results_results_cell_6.npz,65
228,20221123_221123_smFISH_72hpi_WT_HIV_007_results_results_cell_7.npz,663
229,20221123_221123_smFISH_72hpi_WT_HIV_007_results_results_cell_8.npz,222
230,20221123_221123_smFISH_72hpi_WT_HIV_007_results_results_cell_9.npz,674
231,20221123_221123_smFISH_72hpi_WT_HIV_007_results_results_cell_10.npz,87
232,20221123_221123_smFISH_72hpi_WT_HIV_007_results_results_cell_11.npz,11
233,20221123_221123_smFISH_72hpi_WT_HIV_007_results_results_cell_12.npz,89
234,20221123_221123_smFISH_72hpi_WT_HIV_007_results_results_cell_13.npz,2
235,20221123_221123_smFISH_72hpi_WT_HIV_007_results_results_cell_14.npz,134
236,20221123_221123_smFISH_72hpi_WT_HIV_007_results_results_cell_15.npz,11
237,20221123_221123_smFISH_72hpi_WT_HIV_007_results_results_cell_16.npz,6
238,20221123_221123_smFISH_72hpi_WT_HIV_007_results_results_cell_17.npz,915
239,20221123_221123_smFISH_72hpi_WT_HIV_007_results_results_cell_18.npz,5428
240,20221123_221123_smFISH_72hpi_WT_HIV_007_results_results_cell_19.npz,1662
241,20221123_221123_smFISH_72hpi_WT_HIV_007_results_results_cell_20.npz,971
242,20221123_221123_smFISH_72hpi_WT_HIV_007_results_results_cell_21.npz,33
243,20221123_221123_smFISH_72hpi_WT_HIV_007_results_results_cell_22.npz,62
244,20221123_221123_smFISH_72hpi_WT_HIV_007_results_results_cell_23.npz,5
245,20221123_221123_smFISH_72hpi_WT_HIV_007_results_results_cell_24.npz,3
246,20221123_221123_smFISH_72hpi_WT_HIV_007_results_results_cell_25.npz,148
247,20221123_221123_smFISH_72hpi_MKRN1KO_HIV_011_results_results_cell_0.npz,13063
248,20221123_221123_smFISH_72hpi_MKRN1KO_HIV_011_results_results_cell_1.npz,1649
249,20221123_221123_smFISH_72hpi_MKRN1KO_HIV_011_results_results_cell_2.npz,480
250,20221123_221123_smFISH_72hpi_MKRN1KO_HIV_011_results_results_cell_3.npz,24
251,20221123_221123_smFISH_72hpi_MKRN1KO_HIV_011_results_results_cell_4.npz,24
252,20221123_221123_smFISH_72hpi_MKRN1KO_HIV_011_results_results_cell_5.npz,8494
253,20221123_221123_smFISH_72hpi_MKRN1KO_HIV_011_results_results_cell_6.npz,713
254,20221123_221123_smFISH_72hpi_MKRN1KO_HIV_011_results_results_cell_7.npz,155
255,20221123_221123_smFISH_72hpi_MKRN1KO_HIV_011_results_results_cell_8.npz,4673
256,20221123_221123_smFISH_72hpi_MKRN1KO_HIV_011_results_results_cell_9.npz,1032
257,20221123_221123_smFISH_72hpi_MKRN1KO_HIV_011_results_results_cell_10.npz,3
258,20221123_221123_smFISH_72hpi_MKRN1KO_HIV_011_results_results_cell_11.npz,4
259,20221123_221123_smFISH_72hpi_MKRN1KO_HIV_011_results_results_cell_12.npz,1461
260,20221123_221123_smFISH_72hpi_MKRN1KO_HIV_011_results_results_cell_13.npz,1193
261,20221123_221123_smFISH_72hpi_MKRN1KO_HIV_011_results_results_cell_14.npz,733
262,20221123_221123_smFISH_72hpi_MKRN1KO_HIV_011_results_results_cell_15.npz,1632
263,20221123_221123_smFISH_72hpi_MKRN1KO_HIV_011_results_results_cell_16.npz,63
264,20221123_221123_smFISH_72hpi_MKRN1KO_HIV_011_results_results_cell_17.npz,7558
265,20221123_221123_smFISH_72hpi_MKRN1KO_HIV_011_results_results_cell_18.npz,2390
266,20221123_221123_smFISH_72hpi_MKRN1KO_HIV_011_results_results_cell_19.npz,7181
267,20221123_221123_smFISH_72hpi_MKRN1KO_HIV_011_results_results_cell_20.npz,2104
268,20221123_221123_smFISH_72hpi_MKRN1KO_HIV_011_results_results_cell_21.npz,3085
269,20221123_221123_smFISH_72hpi_MKRN1KO_HIV_011_results_results_cell_22.npz,11
270,20221123_221123_smFISH_72hpi_MKRN1KO_HIV_008_results_results_cell_0.npz,6248
271,20221123_221123_smFISH_72hpi_MKRN1KO_HIV_008_results_results_cell_1.npz,7359
272,20221123_221123_smFISH_72hpi_MKRN1KO_HIV_008_results_results_cell_2.npz,9186
273,20221123_221123_smFISH_72hpi_MKRN1KO_HIV_008_results_results_cell_3.npz,287
274,20221123_221123_smFISH_72hpi_MKRN1KO_HIV_008_results_results_cell_4.npz,207
275,20221123_221123_smFISH_72hpi_MKRN1KO_HIV_008_results_results_cell_5.npz,507
276,20221123_221123_smFISH_72hpi_MKRN1KO_HIV_008_results_results_cell_6.npz,102
277,20221123_221123_smFISH_72hpi_MKRN1KO_HIV_008_results_results_cell_7.npz,551
278,20221123_221123_smFISH_72hpi_MKRN1KO_HIV_008_results_results_cell_8.npz,70
279,20221123_221123_smFISH_72hpi_MKRN1KO_HIV_008_results_results_cell_9.npz,1087
280,20221123_221123_smFISH_72hpi_MKRN1KO_HIV_008_results_results_cell_10.npz,1657
281,20221123_221123_smFISH_72hpi_MKRN1KO_HIV_008_results_results_cell_11.npz,2410
282,20221123_221123_smFISH_72hpi_MKRN1KO_HIV_008_results_results_cell_12.npz,1378
283,20221123_221123_smFISH_72hpi_MKRN1KO_HIV_008_results_results_cell_13.npz,4303
284,20221123_221123_smFISH_72hpi_MKRN1KO_HIV_008_results_results_cell_14.npz,181
285,20221123_221123_smFISH_72hpi_MKRN1KO_HIV_008_results_results_cell_15.npz,51
286,20221123_221123_smFISH_72hpi_MKRN1KO_HIV_008_results_results_cell_16.npz,22
287,20221123_221123_smFISH_72hpi_MKRN1KO_HIV_008_results_results_cell_17.npz,23
288,20221123_221123_smFISH_72hpi_MKRN1KO_HIV_008_results_results_cell_18.npz,185
289,20221123_221123_smFISH_72hpi_MKRN1KO_HIV_008_results_results_cell_19.npz,1245
290,20221123_221123_smFISH_72hpi_MKRN1KO_HIV_008_results_results_cell_20.npz,152
291,20221123_221123_smFISH_72hpi_MKRN1KO_HIV_008_results_results_cell_21.npz,1843
292,20221123_221123_smFISH_72hpi_WT_HIV_002_results_results_cell_0.npz,1236
293,20221123_221123_smFISH_72hpi_WT_HIV_002_results_results_cell_1.npz,291
294,20221123_221123_smFISH_72hpi_WT_HIV_002_results_results_cell_2.npz,1805
295,20221123_221123_smFISH_72hpi_WT_HIV_002_results_results_cell_3.npz,65
296,20221123_221123_smFISH_72hpi_WT_HIV_002_results_results_cell_4.npz,1841
297,20221123_221123_smFISH_72hpi_WT_HIV_002_results_results_cell_5.npz,23
298,20221123_221123_smFISH_72hpi_WT_HIV_002_results_results_cell_6.npz,3
299,20221123_221123_smFISH_72hpi_WT_HIV_002_results_results_cell_7.npz,3
300,20221123_221123_smFISH_72hpi_WT_HIV_002_results_results_cell_8.npz,8
301,20221123_221123_smFISH_72hpi_WT_HIV_002_results_results_cell_9.npz,2494
302,20221123_221123_smFISH_72hpi_WT_HIV_002_results_results_cell_10.npz,2276
303,20221123_221123_smFISH_72hpi_WT_HIV_002_results_results_cell_11.npz,1278
304,20221123_221123_smFISH_72hpi_WT_HIV_002_results_results_cell_12.npz,75
305,20221123_221123_smFISH_72hpi_WT_HIV_002_results_results_cell_13.npz,45
306,20221123_221123_smFISH_72hpi_WT_HIV_002_results_results_cell_14.npz,1421
307,20221123_221123_smFISH_72hpi_WT_HIV_002_results_results_cell_15.npz,46
308,20221123_221123_smFISH_72hpi_WT_HIV_002_results_results_cell_16.npz,4
309,20221123_221123_smFISH_72hpi_WT_HIV_002_results_results_cell_17.npz,2113
310,20221123_221123_smFISH_72hpi_WT_HIV_002_results_results_cell_18.npz,15
311,20221123_221123_smFISH_72hpi_WT_HIV_002_results_results_cell_19.npz,53
312,20221123_221123_smFISH_72hpi_WT_HIV_002_results_results_cell_20.npz,1590
313,20221123_221123_smFISH_72hpi_WT_HIV_002_results_results_cell_21.npz,1261
314,20221123_221123_smFISH_72hpi_WT_HIV_002_results_results_cell_22.npz,1129
315,20221123_221123_smFISH_72hpi_WT_HIV_002_results_results_cell_23.npz,42
316,20221123_221123_smFISH_72hpi_WT_HIV_002_results_results_cell_24.npz,41
317,20221123_221123_smFISH_72hpi_WT_HIV_002_results_results_cell_25.npz,24
318,20221123_221123_smFISH_72hpi_WT_HIV_002_results_results_cell_26.npz,414
319,20221123_221123_smFISH_72hpi_WT_HIV_002_results_results_cell_27.npz,2
320,20221123_221123_smFISH_72hpi_MKRN1KO_HIV_001_results_results_cell_0.npz,129
321,20221123_221123_smFISH_72hpi_MKRN1KO_HIV_001_results_results_cell_1.npz,90
322,20221123_221123_smFISH_72hpi_MKRN1KO_HIV_001_results_results_cell_2.npz,174
323,20221123_221123_smFISH_72hpi_MKRN1KO_HIV_001_results_results_cell_3.npz,1198
324,20221123_221123_smFISH_72hpi_MKRN1KO_HIV_001_results_results_cell_4.npz,34
325,20221123_221123_smFISH_72hpi_MKRN1KO_HIV_001_results_results_cell_5.npz,5855
326,20221123_221123_smFISH_72hpi_MKRN1KO_HIV_001_results_results_cell_6.npz,5775
327,20221123_221123_smFISH_72hpi_MKRN1KO_HIV_001_results_results_cell_7.npz,2449
328,20221123_221123_smFISH_72hpi_MKRN1KO_HIV_001_results_results_cell_8.npz,1012
329,20221123_221123_smFISH_72hpi_MKRN1KO_HIV_001_results_results_cell_9.npz,440
330,20221123_221123_smFISH_72hpi_MKRN1KO_HIV_001_results_results_cell_10.npz,4666
331,20221123_221123_smFISH_72hpi_MKRN1KO_HIV_001_results_results_cell_11.npz,101
332,20221123_221123_smFISH_72hpi_MKRN1KO_HIV_001_results_results_cell_12.npz,85
333,20221123_221123_smFISH_72hpi_MKRN1KO_HIV_001_results_results_cell_13.npz,139
334,20221123_221123_smFISH_72hpi_MKRN1KO_HIV_001_results_results_cell_14.npz,55
335,20221123_221123_smFISH_72hpi_MKRN1KO_HIV_001_results_results_cell_15.npz,1803
336,20221123_221123_smFISH_72hpi_MKRN1KO_HIV_001_results_results_cell_16.npz,713
337,20221123_221123_smFISH_72hpi_MKRN1KO_HIV_001_results_results_cell_17.npz,101
338,20221123_221123_smFISH_72hpi_MKRN1KO_HIV_001_results_results_cell_18.npz,1314
339,20221123_221123_smFISH_72hpi_MKRN1KO_HIV_001_results_results_cell_19.npz,2168
340,20221123_221123_smFISH_72hpi_MKRN1KO_HIV_001_results_results_cell_20.npz,181
341,20221123_221123_smFISH_72hpi_MKRN1KO_HIV_001_results_results_cell_21.npz,18
342,20221123_221123_smFISH_72hpi_MKRN1KO_HIV_001_results_results_cell_22.npz,10687
343,20221123_221123_smFISH_72hpi_MKRN1KO_HIV_001_results_results_cell_23.npz,125
344,20221123_221123_smFISH_72hpi_MKRN1KO_HIV_001_results_results_cell_24.npz,368
345,20221123_221123_smFISH_72hpi_MKRN1KO_HIV_001_results_results_cell_25.npz,170
346,20221123_221123_smFISH_72hpi_MKRN1KO_HIV_001_results_results_cell_26.npz,16
347,20221123_221123_smFISH_72hpi_MKRN1KO_HIV_001_results_results_cell_27.npz,20
348,20221123_221123_smFISH_72hpi_MKRN1KO_HIV_001_results_results_cell_28.npz,26
349,20221123_221123_smFISH_72hpi_MKRN1KO_HIV_001_results_results_cell_29.npz,25
350,20221123_221123_smFISH_72hpi_MKRN1KO_HIV_001_results_results_cell_30.npz,21
351,20221123_221123_smFISH_72hpi_MKRN1KO_HIV_001_results_results_cell_31.npz,24
352,20221123_221123_smFISH_72hpi_MKRN1KO_HIV_001_results_results_cell_32.npz,8
353,20221123_221123_smFISH_72hpi_WT_no_virus_004_results_results_cell_0.npz,0
354,20221123_221123_smFISH_72hpi_WT_no_virus_004_results_results_cell_1.npz,0
355,20221123_221123_smFISH_72hpi_WT_no_virus_004_results_results_cell_2.npz,2
356,20221123_221123_smFISH_72hpi_WT_no_virus_004_results_results_cell_3.npz,0
357,20221123_221123_smFISH_72hpi_WT_no_virus_004_results_results_cell_4.npz,0
358,20221123_221123_smFISH_72hpi_WT_no_virus_004_results_results_cell_5.npz,1
359,20221123_221123_smFISH_72hpi_WT_no_virus_004_results_results_cell_6.npz,1
360,20221123_221123_smFISH_72hpi_WT_no_virus_004_results_results_cell_7.npz,0
361,20221123_221123_smFISH_72hpi_WT_no_virus_004_results_results_cell_8.npz,0
362,20221123_221123_smFISH_72hpi_WT_no_virus_004_results_results_cell_9.npz,0
363,20221123_221123_smFISH_72hpi_WT_no_virus_004_results_results_cell_10.npz,1
364,20221123_221123_smFISH_72hpi_WT_no_virus_004_results_results_cell_11.npz,0
365,20221123_221123_smFISH_72hpi_WT_HIV_010_results_results_cell_0.npz,2406
366,20221123_221123_smFISH_72hpi_WT_HIV_010_results_results_cell_1.npz,715
367,20221123_221123_smFISH_72hpi_WT_HIV_010_results_results_cell_2.npz,6
368,20221123_221123_smFISH_72hpi_WT_HIV_010_results_results_cell_3.npz,3849
369,20221123_221123_smFISH_72hpi_WT_HIV_010_results_results_cell_4.npz,361
370,20221123_221123_smFISH_72hpi_WT_HIV_010_results_results_cell_5.npz,7359
371,20221123_221123_smFISH_72hpi_WT_HIV_010_results_results_cell_6.npz,9086
372,20221123_221123_smFISH_72hpi_WT_HIV_010_results_results_cell_7.npz,4763
373,20221123_221123_smFISH_72hpi_WT_HIV_010_results_results_cell_8.npz,303
374,20221123_221123_smFISH_72hpi_WT_HIV_010_results_results_cell_9.npz,50
375,20221123_221123_smFISH_72hpi_WT_HIV_010_results_results_cell_10.npz,1199
376,20221123_221123_smFISH_72hpi_WT_HIV_010_results_results_cell_11.npz,4731
377,20221123_221123_smFISH_72hpi_WT_HIV_010_results_results_cell_12.npz,4540
378,20221123_221123_smFISH_72hpi_WT_HIV_010_results_results_cell_13.npz,4554
379,20221123_221123_smFISH_72hpi_WT_HIV_010_results_results_cell_14.npz,1040
380,20221123_221123_smFISH_72hpi_WT_HIV_010_results_results_cell_15.npz,3402
381,20221123_221123_smFISH_72hpi_WT_HIV_010_results_results_cell_16.npz,4450
382,20221123_221123_smFISH_72hpi_WT_HIV_010_results_results_cell_17.npz,3459
383,20221123_221123_smFISH_72hpi_WT_HIV_010_results_results_cell_18.npz,2562
384,20221123_221123_smFISH_72hpi_WT_HIV_010_results_results_cell_19.npz,2150
385,20221123_221123_smFISH_72hpi_WT_HIV_010_results_results_cell_20.npz,955
386,20221123_221123_smFISH_72hpi_WT_HIV_010_results_results_cell_21.npz,441
387,20221123_221123_smFISH_72hpi_WT_HIV_010_results_results_cell_22.npz,1827
388,20221123_221123_smFISH_72hpi_WT_HIV_010_results_results_cell_23.npz,5817
389,20221123_221123_smFISH_72hpi_WT_HIV_010_results_results_cell_24.npz,1207
390,20221123_221123_smFISH_72hpi_WT_HIV_010_results_results_cell_25.npz,66
391,20221123_221123_smFISH_72hpi_WT_HIV_010_results_results_cell_26.npz,7
392,20221123_221123_smFISH_72hpi_WT_HIV_010_results_results_cell_27.npz,479
393,20221123_221123_smFISH_72hpi_WT_HIV_010_results_results_cell_28.npz,2699
394,20221123_221123_smFISH_72hpi_MKRN1KO_HIV_006_results_results_cell_0.npz,6210
395,20221123_221123_smFISH_72hpi_MKRN1KO_HIV_006_results_results_cell_1.npz,2594
396,20221123_221123_smFISH_72hpi_MKRN1KO_HIV_006_results_results_cell_2.npz,1617
397,20221123_221123_smFISH_72hpi_MKRN1KO_HIV_006_results_results_cell_3.npz,27
398,20221123_221123_smFISH_72hpi_MKRN1KO_HIV_006_results_results_cell_4.npz,7
399,20221123_221123_smFISH_72hpi_MKRN1KO_HIV_006_results_results_cell_5.npz,8
400,20221123_221123_smFISH_72hpi_MKRN1KO_HIV_006_results_results_cell_6.npz,4
401,20221123_221123_smFISH_72hpi_MKRN1KO_HIV_006_results_results_cell_7.npz,4713
402,20221123_221123_smFISH_72hpi_MKRN1KO_HIV_006_results_results_cell_8.npz,3211
403,20221123_221123_smFISH_72hpi_MKRN1KO_HIV_006_results_results_cell_9.npz,5393
404,20221123_221123_smFISH_72hpi_MKRN1KO_HIV_006_results_results_cell_10.npz,321
405,20221123_221123_smFISH_72hpi_MKRN1KO_HIV_006_results_results_cell_11.npz,4735
406,20221123_221123_smFISH_72hpi_MKRN1KO_HIV_006_results_results_cell_12.npz,82
407,20221123_221123_smFISH_72hpi_MKRN1KO_HIV_006_results_results_cell_13.npz,4
408,20221123_221123_smFISH_72hpi_MKRN1KO_HIV_006_results_results_cell_14.npz,1
409,20221123_221123_smFISH_72hpi_MKRN1KO_HIV_006_results_results_cell_15.npz,2
410,20221123_221123_smFISH_72hpi_MKRN1KO_HIV_006_results_results_cell_16.npz,4
411,20221123_221123_smFISH_72hpi_MKRN1KO_HIV_006_results_results_cell_17.npz,150
412,20221123_221123_smFISH_72hpi_MKRN1KO_HIV_006_results_results_cell_18.npz,1
413,20221123_221123_smFISH_72hpi_MKRN1KO_HIV_006_results_results_cell_19.npz,3
414,20221123_221123_smFISH_72hpi_MKRN1KO_HIV_006_results_results_cell_20.npz,7
415,20221123_221123_smFISH_72hpi_MKRN1KO_HIV_006_results_results_cell_21.npz,2
416,20221123_221123_smFISH_72hpi_MKRN1KO_HIV_006_results_results_cell_22.npz,2
417,20221123_221123_smFISH_72hpi_MKRN1KO_HIV_006_results_results_cell_23.npz,50
418,20221123_221123_smFISH_72hpi_MKRN1KO_HIV_006_results_results_cell_24.npz,31
419,20221123_221123_smFISH_72hpi_MKRN1KO_HIV_006_results_results_cell_25.npz,18
420,20221123_221123_smFISH_72hpi_MKRN1KO_HIV_006_results_results_cell_26.npz,10
421,20221123_221123_smFISH_72hpi_MKRN1KO_HIV_006_results_results_cell_27.npz,2
422,20221123_221123_smFISH_72hpi_MKRN1KO_HIV_006_results_results_cell_28.npz,10
423,20221123_221123_smFISH_72hpi_MKRN1KO_HIV_006_results_results_cell_29.npz,12
424,20221123_221123_smFISH_72hpi_MKRN1KO_HIV_006_results_results_cell_30.npz,9
425,20221123_221123_smFISH_72hpi_MKRN1KO_HIV_006_results_results_cell_31.npz,3
426,20221123_221123_smFISH_72hpi_MKRN1KO_HIV_006_results_results_cell_32.npz,4
427,20221123_221123_smFISH_72hpi_MKRN1KO_HIV_006_results_results_cell_33.npz,179
428,20221123_221123_smFISH_72hpi_MKRN1KO_HIV_006_results_results_cell_34.npz,29
429,20221123_221123_smFISH_72hpi_WT_no_virus_003_results_results_cell_0.npz,0
430,20221123_221123_smFISH_72hpi_WT_no_virus_003_results_results_cell_1.npz,0
431,20221123_221123_smFISH_72hpi_WT_no_virus_003_results_results_cell_2.npz,3
432,20221123_221123_smFISH_72hpi_WT_no_virus_003_results_results_cell_3.npz,0
433,20221123_221123_smFISH_72hpi_WT_no_virus_003_results_results_cell_4.npz,0
434,20221123_221123_smFISH_72hpi_WT_no_virus_003_results_results_cell_5.npz,0
435,20221123_221123_smFISH_72hpi_WT_no_virus_003_results_results_cell_6.npz,1
436,20221123_221123_smFISH_72hpi_WT_no_virus_003_results_results_cell_7.npz,0
437,20221123_221123_smFISH_72hpi_WT_no_virus_003_results_results_cell_8.npz,0
438,20221123_221123_smFISH_72hpi_WT_no_virus_003_results_results_cell_9.npz,1
439,20221123_221123_smFISH_72hpi_WT_no_virus_003_results_results_cell_10.npz,0
440,20221123_221123_smFISH_72hpi_WT_no_virus_003_results_results_cell_11.npz,1
441,20221123_221123_smFISH_72hpi_WT_no_virus_003_results_results_cell_12.npz,1
442,20221123_221123_smFISH_72hpi_WT_no_virus_003_results_results_cell_13.npz,0
443,20221123_221123_smFISH_72hpi_WT_no_virus_003_results_results_cell_14.npz,2
444,20221123_221123_smFISH_72hpi_WT_no_virus_003_results_results_cell_15.npz,0
445,20221123_221123_smFISH_72hpi_WT_no_virus_003_results_results_cell_16.npz,0
446,20221123_221123_smFISH_72hpi_WT_no_virus_003_results_results_cell_17.npz,1
447,20221123_221123_smFISH_72hpi_WT_no_virus_003_results_results_cell_18.npz,0
448,20221123_221123_smFISH_72hpi_WT_no_virus_003_results_results_cell_19.npz,0
449,20221123_221123_smFISH_72hpi_WT_no_virus_003_results_results_cell_20.npz,0
450,20221123_221123_smFISH_72hpi_WT_no_virus_003_results_results_cell_21.npz,9
451,20221123_221123_smFISH_72hpi_WT_no_virus_003_results_results_cell_22.npz,0
452,20221123_221123_smFISH_72hpi_WT_no_virus_003_results_results_cell_23.npz,0
453,20221123_221123_smFISH_72hpi_WT_no_virus_003_results_results_cell_24.npz,2
454,20221123_221123_smFISH_72hpi_WT_no_virus_003_results_results_cell_25.npz,0
455,20221123_221123_smFISH_72hpi_WT_HIV_005_results_results_cell_0.npz,86
456,20221123_221123_smFISH_72hpi_WT_HIV_005_results_results_cell_1.npz,4837
457,20221123_221123_smFISH_72hpi_WT_HIV_005_results_results_cell_2.npz,3727
458,20221123_221123_smFISH_72hpi_WT_HIV_005_results_results_cell_3.npz,6133
459,20221123_221123_smFISH_72hpi_WT_HIV_005_results_results_cell_4.npz,52
460,20221123_221123_smFISH_72hpi_WT_HIV_005_results_results_cell_5.npz,3199
461,20221123_221123_smFISH_72hpi_WT_HIV_005_results_results_cell_6.npz,1089
462,20221123_221123_smFISH_72hpi_WT_HIV_005_results_results_cell_7.npz,4474
463,20221123_221123_smFISH_72hpi_WT_HIV_005_results_results_cell_8.npz,229
464,20221123_221123_smFISH_72hpi_WT_HIV_005_results_results_cell_9.npz,101
465,20221123_221123_smFISH_72hpi_WT_HIV_005_results_results_cell_10.npz,438
466,20221123_221123_smFISH_72hpi_WT_HIV_005_results_results_cell_11.npz,310
467,20221123_221123_smFISH_72hpi_WT_HIV_005_results_results_cell_12.npz,259
468,20221123_221123_smFISH_72hpi_WT_HIV_005_results_results_cell_13.npz,906
469,20221123_221123_smFISH_72hpi_WT_HIV_005_results_results_cell_14.npz,566
470,20221123_221123_smFISH_72hpi_WT_HIV_005_results_results_cell_15.npz,6490
471,20221123_221123_smFISH_72hpi_WT_HIV_005_results_results_cell_16.npz,5187
472,20221123_221123_smFISH_72hpi_WT_HIV_005_results_results_cell_17.npz,4742
473,20221123_221123_smFISH_72hpi_WT_HIV_005_results_results_cell_18.npz,223
474,20221123_221123_smFISH_72hpi_WT_HIV_005_results_results_cell_19.npz,266
475,20221123_221123_smFISH_72hpi_WT_HIV_005_results_results_cell_20.npz,1596
476,20221123_221123_smFISH_72hpi_WT_HIV_005_results_results_cell_21.npz,5202
477,20221123_221123_smFISH_72hpi_MKRN1KO_HIV_003_results_results_cell_0.npz,3231
478,20221123_221123_smFISH_72hpi_MKRN1KO_HIV_003_results_results_cell_1.npz,2102
479,20221123_221123_smFISH_72hpi_MKRN1KO_HIV_003_results_results_cell_2.npz,4748
480,20221123_221123_smFISH_72hpi_MKRN1KO_HIV_003_results_results_cell_3.npz,6021
481,20221123_221123_smFISH_72hpi_MKRN1KO_HIV_003_results_results_cell_4.npz,1642
482,20221123_221123_smFISH_72hpi_MKRN1KO_HIV_003_results_results_cell_5.npz,2213
483,20221123_221123_smFISH_72hpi_MKRN1KO_HIV_003_results_results_cell_6.npz,2046
484,20221123_221123_smFISH_72hpi_MKRN1KO_HIV_003_results_results_cell_7.npz,2432
485,20221123_221123_smFISH_72hpi_MKRN1KO_HIV_003_results_results_cell_8.npz,2183
486,20221123_221123_smFISH_72hpi_MKRN1KO_HIV_003_results_results_cell_9.npz,174
487,20221123_221123_smFISH_72hpi_MKRN1KO_HIV_003_results_results_cell_10.npz,75
488,20221123_221123_smFISH_72hpi_MKRN1KO_HIV_003_results_results_cell_11.npz,2251
489,20221123_221123_smFISH_72hpi_MKRN1KO_HIV_003_results_results_cell_12.npz,555
490,20221123_221123_smFISH_72hpi_MKRN1KO_HIV_003_results_results_cell_13.npz,116
491,20221123_221123_smFISH_72hpi_MKRN1KO_HIV_003_results_results_cell_14.npz,4
492,20221123_221123_smFISH_72hpi_MKRN1KO_HIV_003_results_results_cell_15.npz,252
493,20221123_221123_smFISH_72hpi_MKRN1KO_HIV_003_results_results_cell_16.npz,280
494,20221123_221123_smFISH_72hpi_MKRN1KO_HIV_003_results_results_cell_17.npz,382
495,20221123_221123_smFISH_72hpi_MKRN1KO_HIV_003_results_results_cell_18.npz,67
496,20221123_221123_smFISH_72hpi_MKRN1KO_HIV_003_results_results_cell_19.npz,102
497,20221123_221123_smFISH_72hpi_MKRN1KO_HIV_003_results_results_cell_20.npz,79
498,20221123_221123_smFISH_72hpi_MKRN1KO_HIV_003_results_results_cell_21.npz,57
499,20221123_221123_smFISH_72hpi_MKRN1KO_HIV_003_results_results_cell_22.npz,83
500,20221123_221123_smFISH_72hpi_MKRN1KO_HIV_003_results_results_cell_23.npz,118
501,20221123_221123_smFISH_72hpi_MKRN1KO_HIV_003_results_results_cell_24.npz,11
502,20221123_221123_smFISH_72hpi_MKRN1KO_HIV_003_results_results_cell_25.npz,33
503,20221123_221123_smFISH_72hpi_MKRN1KO_HIV_003_results_results_cell_26.npz,8
504,20221123_221123_smFISH_72hpi_MKRN1KO_HIV_003_results_results_cell_27.npz,22
505,20221123_221123_smFISH_72hpi_MKRN1KO_HIV_003_results_results_cell_28.npz,40
506,20221123_221123_smFISH_72hpi_MKRN1KO_HIV_003_results_results_cell_29.npz,75
507,20221123_221123_smFISH_72hpi_MKRN1KO_HIV_003_results_results_cell_30.npz,8
508,20221123_221123_smFISH_72hpi_WT_no_virus_006_results_results_cell_0.npz,0
509,20221123_221123_smFISH_72hpi_WT_no_virus_006_results_results_cell_1.npz,0
510,20221123_221123_smFISH_72hpi_WT_no_virus_006_results_results_cell_2.npz,0
511,20221123_221123_smFISH_72hpi_WT_no_virus_006_results_results_cell_3.npz,1
512,20221123_221123_smFISH_72hpi_WT_no_virus_006_results_results_cell_4.npz,0
513,20221123_221123_smFISH_72hpi_WT_no_virus_006_results_results_cell_5.npz,1
514,20221123_221123_smFISH_72hpi_WT_no_virus_006_results_results_cell_6.npz,1
515,20221123_221123_smFISH_72hpi_WT_no_virus_006_results_results_cell_7.npz,0
516,20221123_221123_smFISH_72hpi_WT_no_virus_006_results_results_cell_8.npz,0
517,20221123_221123_smFISH_72hpi_WT_no_virus_006_results_results_cell_9.npz,0
518,20221123_221123_smFISH_72hpi_WT_no_virus_006_results_results_cell_10.npz,1
519,20221123_221123_smFISH_72hpi_WT_no_virus_006_results_results_cell_11.npz,0
520,20221123_221123_smFISH_72hpi_WT_no_virus_006_results_results_cell_12.npz,0
521,20221123_221123_smFISH_72hpi_WT_no_virus_006_results_results_cell_13.npz,1
522,20221123_221123_smFISH_72hpi_WT_no_virus_006_results_results_cell_14.npz,0
523,20221123_221123_smFISH_72hpi_WT_no_virus_006_results_results_cell_15.npz,0
524,20221123_221123_smFISH_72hpi_WT_no_virus_006_results_results_cell_16.npz,0
525,20221123_221123_smFISH_72hpi_WT_no_virus_006_results_results_cell_17.npz,0
526,20221123_221123_smFISH_72hpi_WT_no_virus_006_results_results_cell_18.npz,0
527,20221123_221123_smFISH_72hpi_WT_HIV_009_results_results_cell_0.npz,467
528,20221123_221123_smFISH_72hpi_WT_HIV_009_results_results_cell_1.npz,60
529,20221123_221123_smFISH_72hpi_WT_HIV_009_results_results_cell_2.npz,5
530,20221123_221123_smFISH_72hpi_WT_HIV_009_results_results_cell_3.npz,1816
531,20221123_221123_smFISH_72hpi_WT_HIV_009_results_results_cell_4.npz,50
532,20221123_221123_smFISH_72hpi_WT_HIV_009_results_results_cell_5.npz,4029
533,20221123_221123_smFISH_72hpi_WT_HIV_009_results_results_cell_6.npz,1009
534,20221123_221123_smFISH_72hpi_WT_HIV_009_results_results_cell_7.npz,1628
535,20221123_221123_smFISH_72hpi_WT_HIV_009_results_results_cell_8.npz,2436
536,20221123_221123_smFISH_72hpi_WT_HIV_009_results_results_cell_9.npz,3
537,20221123_221123_smFISH_72hpi_WT_HIV_009_results_results_cell_10.npz,5310
538,20221123_221123_smFISH_72hpi_WT_HIV_009_results_results_cell_11.npz,32
539,20221123_221123_smFISH_72hpi_WT_HIV_009_results_results_cell_12.npz,3
540,20221123_221123_smFISH_72hpi_WT_HIV_009_results_results_cell_13.npz,1
541,20221123_221123_smFISH_72hpi_WT_HIV_009_results_results_cell_14.npz,254
542,20221123_221123_smFISH_72hpi_WT_HIV_009_results_results_cell_15.npz,8
543,20221123_221123_smFISH_72hpi_WT_no_virus_005_results_results_cell_0.npz,1
544,20221123_221123_smFISH_72hpi_WT_no_virus_005_results_results_cell_1.npz,0
545,20221123_221123_smFISH_72hpi_WT_no_virus_005_results_results_cell_2.npz,1
546,20221123_221123_smFISH_72hpi_WT_no_virus_005_results_results_cell_3.npz,1
547,20221123_221123_smFISH_72hpi_WT_no_virus_005_results_results_cell_4.npz,0
548,20221123_221123_smFISH_72hpi_WT_no_virus_005_results_results_cell_5.npz,0
549,20221123_221123_smFISH_72hpi_WT_no_virus_005_results_results_cell_6.npz,4
550,20221123_221123_smFISH_72hpi_WT_no_virus_005_results_results_cell_7.npz,0
551,20221123_221123_smFISH_72hpi_WT_no_virus_005_results_results_cell_8.npz,0
552,20221123_221123_smFISH_72hpi_WT_no_virus_005_results_results_cell_9.npz,0
553,20221123_221123_smFISH_72hpi_WT_no_virus_005_results_results_cell_10.npz,0
554,20221123_221123_smFISH_72hpi_WT_no_virus_005_results_results_cell_11.npz,0
555,20221123_221123_smFISH_72hpi_WT_no_virus_005_results_results_cell_12.npz,0
556,20221123_221123_smFISH_72hpi_WT_no_virus_005_results_results_cell_13.npz,0
557,20221123_221123_smFISH_72hpi_WT_no_virus_005_results_results_cell_14.npz,0
558,20221123_221123_smFISH_72hpi_WT_no_virus_005_results_results_cell_15.npz,0
559,20221123_221123_smFISH_72hpi_WT_no_virus_005_results_results_cell_16.npz,0
560,20221123_221123_smFISH_72hpi_WT_no_virus_005_results_results_cell_17.npz,0
561,20221123_221123_smFISH_72hpi_WT_no_virus_005_results_results_cell_18.npz,0
562,20221123_221123_smFISH_72hpi_WT_no_virus_005_results_results_cell_19.npz,2
563,20221123_221123_smFISH_72hpi_WT_no_virus_005_results_results_cell_20.npz,0
564,20221123_221123_smFISH_72hpi_WT_no_virus_005_results_results_cell_21.npz,1
565,20221123_221123_smFISH_72hpi_WT_no_virus_005_results_results_cell_22.npz,0
566,20221123_221123_smFISH_72hpi_WT_no_virus_005_results_results_cell_23.npz,0
567,20221123_221123_smFISH_72hpi_WT_no_virus_005_results_results_cell_24.npz,0
568,20221123_221123_smFISH_72hpi_WT_no_virus_005_results_results_cell_25.npz,9
569,20221123_221123_smFISH_72hpi_WT_no_virus_005_results_results_cell_26.npz,0
570,20221123_221123_smFISH_72hpi_WT_no_virus_005_results_results_cell_27.npz,3
571,20221123_221123_smFISH_72hpi_WT_no_virus_005_results_results_cell_28.npz,0
572,20221123_221123_smFISH_72hpi_WT_no_virus_005_results_results_cell_29.npz,0
573,20221123_221123_smFISH_72hpi_WT_no_virus_005_results_results_cell_30.npz,0
574,20221123_221123_smFISH_72hpi_WT_no_virus_005_results_results_cell_31.npz,0
575,20221123_221123_smFISH_72hpi_WT_no_virus_005_results_results_cell_32.npz,0
576,20221123_221123_smFISH_72hpi_WT_no_virus_005_results_results_cell_33.npz,0
577,20221123_221123_smFISH_72hpi_WT_no_virus_005_results_results_cell_34.npz,0
578,20221123_221123_smFISH_72hpi_WT_no_virus_005_results_results_cell_35.npz,0
579,20221123_221123_smFISH_72hpi_WT_no_virus_005_results_results_cell_36.npz,0
580,20221123_221123_smFISH_72hpi_WT_HIV_003_results_results_cell_0.npz,2539
581,20221123_221123_smFISH_72hpi_WT_HIV_003_results_results_cell_1.npz,6707
582,20221123_221123_smFISH_72hpi_WT_HIV_003_results_results_cell_2.npz,182
583,20221123_221123_smFISH_72hpi_WT_HIV_003_results_results_cell_3.npz,1325
584,20221123_221123_smFISH_72hpi_WT_HIV_003_results_results_cell_4.npz,182
585,20221123_221123_smFISH_72hpi_WT_HIV_003_results_results_cell_5.npz,48
586,20221123_221123_smFISH_72hpi_WT_HIV_003_results_results_cell_6.npz,1192
587,20221123_221123_smFISH_72hpi_WT_HIV_003_results_results_cell_7.npz,1576
588,20221123_221123_smFISH_72hpi_WT_HIV_003_results_results_cell_8.npz,56
589,20221123_221123_smFISH_72hpi_WT_HIV_003_results_results_cell_9.npz,568
590,20221123_221123_smFISH_72hpi_WT_HIV_003_results_results_cell_10.npz,642
591,20221123_221123_smFISH_72hpi_WT_HIV_003_results_results_cell_11.npz,771
592,20221123_221123_smFISH_72hpi_WT_HIV_003_results_results_cell_12.npz,877
593,20221123_221123_smFISH_72hpi_WT_HIV_003_results_results_cell_13.npz,220
594,20221123_221123_smFISH_72hpi_WT_HIV_003_results_results_cell_14.npz,309
595,20221123_221123_smFISH_72hpi_WT_HIV_003_results_results_cell_15.npz,696
596,20221123_221123_smFISH_72hpi_WT_HIV_003_results_results_cell_16.npz,1407
597,20221123_221123_smFISH_72hpi_WT_HIV_003_results_results_cell_17.npz,6
598,20221123_221123_smFISH_72hpi_WT_HIV_003_results_results_cell_18.npz,3
599,20221123_221123_smFISH_72hpi_WT_HIV_003_results_results_cell_19.npz,30
600,20221123_221123_smFISH_72hpi_WT_HIV_003_results_results_cell_20.npz,117
601,20221123_221123_smFISH_72hpi_WT_HIV_003_results_results_cell_21.npz,31
602,20221123_221123_smFISH_72hpi_WT_HIV_003_results_results_cell_22.npz,8
603,20221123_221123_smFISH_72hpi_WT_HIV_003_results_results_cell_23.npz,16
604,20221123_221123_smFISH_72hpi_WT_HIV_003_results_results_cell_24.npz,3
605,20221123_221123_smFISH_72hpi_WT_HIV_003_results_results_cell_25.npz,5
606,20221123_221123_smFISH_72hpi_WT_HIV_003_results_results_cell_26.npz,415
607,20221123_221123_smFISH_72hpi_WT_HIV_003_results_results_cell_27.npz,25
608,20221123_221123_smFISH_72hpi_WT_HIV_003_results_results_cell_28.npz,1
609,20221123_221123_smFISH_72hpi_WT_HIV_003_results_results_cell_29.npz,8
610,20221123_221123_smFISH_72hpi_WT_HIV_003_results_results_cell_30.npz,0
611,20221123_221123_smFISH_72hpi_WT_HIV_003_results_results_cell_31.npz,0
612,20221123_221123_smFISH_72hpi_WT_HIV_003_results_results_cell_32.npz,5
613,20221123_221123_smFISH_72hpi_WT_HIV_003_results_results_cell_33.npz,0
614,20221123_221123_smFISH_72hpi_WT_no_virus_010_results_results_cell_0.npz,3
615,20221123_221123_smFISH_72hpi_WT_no_virus_010_results_results_cell_1.npz,3
616,20221123_221123_smFISH_72hpi_WT_no_virus_010_results_results_cell_2.npz,1
617,20221123_221123_smFISH_72hpi_WT_no_virus_010_results_results_cell_3.npz,1
618,20221123_221123_smFISH_72hpi_WT_no_virus_010_results_results_cell_4.npz,0
619,20221123_221123_smFISH_72hpi_WT_no_virus_010_results_results_cell_5.npz,0
620,20221123_221123_smFISH_72hpi_WT_no_virus_010_results_results_cell_6.npz,1
621,20221123_221123_smFISH_72hpi_WT_no_virus_010_results_results_cell_7.npz,0
622,20221123_221123_smFISH_72hpi_WT_no_virus_010_results_results_cell_8.npz,0
623,20221123_221123_smFISH_72hpi_WT_no_virus_010_results_results_cell_9.npz,0
624,20221123_221123_smFISH_72hpi_WT_no_virus_010_results_results_cell_10.npz,1
625,20221123_221123_smFISH_72hpi_WT_no_virus_010_results_results_cell_11.npz,0
626,20221123_221123_smFISH_72hpi_WT_no_virus_010_results_results_cell_12.npz,0
627,20221123_221123_smFISH_72hpi_WT_no_virus_010_results_results_cell_13.npz,19
628,20221123_221123_smFISH_72hpi_WT_no_virus_010_results_results_cell_14.npz,0
629,20221123_221123_smFISH_72hpi_WT_no_virus_010_results_results_cell_15.npz,0
630,20221123_221123_smFISH_72hpi_WT_no_virus_010_results_results_cell_16.npz,0
631,20221123_221123_smFISH_72hpi_WT_no_virus_010_results_results_cell_17.npz,0
632,20221123_221123_smFISH_72hpi_WT_no_virus_010_results_results_cell_18.npz,0
633,20221123_221123_smFISH_72hpi_WT_no_virus_010_results_results_cell_19.npz,3
634,20221123_221123_smFISH_72hpi_WT_no_virus_010_results_results_cell_20.npz,0
635,20221123_221123_smFISH_72hpi_WT_no_virus_010_results_results_cell_21.npz,0
636,20221123_221123_smFISH_72hpi_WT_no_virus_010_results_results_cell_22.npz,0
637,20221123_221123_smFISH_72hpi_WT_no_virus_010_results_results_cell_23.npz,0
638,20221123_221123_smFISH_72hpi_WT_no_virus_010_results_results_cell_24.npz,2
639,20221123_221123_smFISH_72hpi_WT_no_virus_010_results_results_cell_25.npz,0
640,20221123_221123_smFISH_72hpi_WT_no_virus_010_results_results_cell_26.npz,1
641,20221123_221123_smFISH_72hpi_WT_no_virus_010_results_results_cell_27.npz,0
642,20221123_221123_smFISH_72hpi_WT_no_virus_010_results_results_cell_28.npz,0
643,20221123_221123_smFISH_72hpi_WT_no_virus_010_results_results_cell_29.npz,0
644,20221123_221123_smFISH_72hpi_WT_no_virus_010_results_results_cell_30.npz,0
645,20221123_221123_smFISH_72hpi_WT_no_virus_010_results_results_cell_31.npz,0
646,20221123_221123_smFISH_72hpi_WT_no_virus_010_results_results_cell_32.npz,0
647,20221123_221123_smFISH_72hpi_WT_no_virus_010_results_results_cell_33.npz,0
648,20221123_221123_smFISH_72hpi_MKRN1KO_HIV_009_results_results_cell_0.npz,3824
649,20221123_221123_smFISH_72hpi_MKRN1KO_HIV_009_results_results_cell_1.npz,6700
650,20221123_221123_smFISH_72hpi_MKRN1KO_HIV_009_results_results_cell_2.npz,4452
651,20221123_221123_smFISH_72hpi_MKRN1KO_HIV_009_results_results_cell_3.npz,3328
652,20221123_221123_smFISH_72hpi_MKRN1KO_HIV_009_results_results_cell_4.npz,3536
653,20221123_221123_smFISH_72hpi_MKRN1KO_HIV_009_results_results_cell_5.npz,2919
654,20221123_221123_smFISH_72hpi_MKRN1KO_HIV_009_results_results_cell_6.npz,897
655,20221123_221123_smFISH_72hpi_MKRN1KO_HIV_009_results_results_cell_7.npz,2815
656,20221123_221123_smFISH_72hpi_MKRN1KO_HIV_009_results_results_cell_8.npz,2139
657,20221123_221123_smFISH_72hpi_MKRN1KO_HIV_009_results_results_cell_9.npz,735
658,20221123_221123_smFISH_72hpi_MKRN1KO_HIV_009_results_results_cell_10.npz,2313
659,20221123_221123_smFISH_72hpi_MKRN1KO_HIV_009_results_results_cell_11.npz,86
660,20221123_221123_smFISH_72hpi_MKRN1KO_HIV_009_results_results_cell_12.npz,683
661,20221123_221123_smFISH_72hpi_MKRN1KO_HIV_009_results_results_cell_13.npz,44
662,20221123_221123_smFISH_72hpi_MKRN1KO_HIV_009_results_results_cell_14.npz,40
663,20221123_221123_smFISH_72hpi_MKRN1KO_HIV_009_results_results_cell_15.npz,328
664,20221123_221123_smFISH_72hpi_MKRN1KO_HIV_009_results_results_cell_16.npz,860
665,20221123_221123_smFISH_72hpi_MKRN1KO_HIV_009_results_results_cell_17.npz,481
666,20221123_221123_smFISH_72hpi_MKRN1KO_HIV_009_results_results_cell_18.npz,236
667,20221123_221123_smFISH_72hpi_MKRN1KO_HIV_009_results_results_cell_19.npz,5159
668,20221123_221123_smFISH_72hpi_MKRN1KO_HIV_009_results_results_cell_20.npz,1645
669,20221123_221123_smFISH_72hpi_MKRN1KO_HIV_009_results_results_cell_21.npz,184
670,20221123_221123_smFISH_72hpi_MKRN1KO_HIV_009_results_results_cell_22.npz,516
671,20221123_221123_smFISH_72hpi_MKRN1KO_HIV_009_results_results_cell_23.npz,69
672,20221123_221123_smFISH_72hpi_MKRN1KO_HIV_009_results_results_cell_24.npz,1
673,20221123_221123_smFISH_72hpi_MKRN1KO_HIV_009_results_results_cell_25.npz,46
674,20221123_221123_smFISH_72hpi_MKRN1KO_HIV_009_results_results_cell_26.npz,18
675,20221123_221123_smFISH_72hpi_WT_no_virus_009_results_results_cell_0.npz,0
676,20221123_221123_smFISH_72hpi_WT_no_virus_009_results_results_cell_1.npz,1
677,20221123_221123_smFISH_72hpi_WT_no_virus_009_results_results_cell_2.npz,0
678,20221123_221123_smFISH_72hpi_WT_no_virus_009_results_results_cell_3.npz,0
679,20221123_221123_smFISH_72hpi_WT_no_virus_009_results_results_cell_4.npz,0
680,20221123_221123_smFISH_72hpi_WT_no_virus_009_results_results_cell_5.npz,0
681,20221123_221123_smFISH_72hpi_WT_no_virus_009_results_results_cell_6.npz,0
682,20221123_221123_smFISH_72hpi_WT_no_virus_009_results_results_cell_7.npz,0
683,20221123_221123_smFISH_72hpi_WT_no_virus_009_results_results_cell_8.npz,0
684,20221123_221123_smFISH_72hpi_WT_no_virus_009_results_results_cell_9.npz,0
685,20221123_221123_smFISH_72hpi_WT_no_virus_009_results_results_cell_10.npz,0
686,20221123_221123_smFISH_72hpi_WT_no_virus_009_results_results_cell_11.npz,0
687,20221123_221123_smFISH_72hpi_WT_no_virus_009_results_results_cell_12.npz,2
688,20221123_221123_smFISH_72hpi_WT_no_virus_009_results_results_cell_13.npz,0
689,20221123_221123_smFISH_72hpi_WT_no_virus_009_results_results_cell_14.npz,1
690,20221123_221123_smFISH_72hpi_WT_no_virus_009_results_results_cell_15.npz,0
691,20221123_221123_smFISH_72hpi_MKRN1KO_HIV_010_results_results_cell_0.npz,66
692,20221123_221123_smFISH_72hpi_MKRN1KO_HIV_010_results_results_cell_1.npz,35
693,20221123_221123_smFISH_72hpi_MKRN1KO_HIV_010_results_results_cell_2.npz,210
694,20221123_221123_smFISH_72hpi_MKRN1KO_HIV_010_results_results_cell_3.npz,178
695,20221123_221123_smFISH_72hpi_MKRN1KO_HIV_010_results_results_cell_4.npz,247
696,20221123_221123_smFISH_72hpi_MKRN1KO_HIV_010_results_results_cell_5.npz,102
697,20221123_221123_smFISH_72hpi_MKRN1KO_HIV_010_results_results_cell_6.npz,1540
698,20221123_221123_smFISH_72hpi_MKRN1KO_HIV_010_results_results_cell_7.npz,41
699,20221123_221123_smFISH_72hpi_MKRN1KO_HIV_010_results_results_cell_8.npz,5127
700,20221123_221123_smFISH_72hpi_MKRN1KO_HIV_010_results_results_cell_9.npz,4896
701,20221123_221123_smFISH_72hpi_MKRN1KO_HIV_010_results_results_cell_10.npz,3148
702,20221123_221123_smFISH_72hpi_MKRN1KO_HIV_010_results_results_cell_11.npz,1094
703,20221123_221123_smFISH_72hpi_MKRN1KO_HIV_010_results_results_cell_12.npz,763
704,20221123_221123_smFISH_72hpi_MKRN1KO_HIV_010_results_results_cell_13.npz,555
705,20221123_221123_smFISH_72hpi_MKRN1KO_HIV_010_results_results_cell_14.npz,96
706,20221123_221123_smFISH_72hpi_MKRN1KO_HIV_010_results_results_cell_15.npz,748
707,20221123_221123_smFISH_72hpi_MKRN1KO_HIV_010_results_results_cell_16.npz,97
708,20221123_221123_smFISH_72hpi_MKRN1KO_HIV_010_results_results_cell_17.npz,307
709,20221123_221123_smFISH_72hpi_MKRN1KO_HIV_010_results_results_cell_18.npz,2387
710,20221123_221123_smFISH_72hpi_WT_HIV_006_results_results_cell_0.npz,1703
711,20221123_221123_smFISH_72hpi_WT_HIV_006_results_results_cell_1.npz,1248
712,20221123_221123_smFISH_72hpi_WT_HIV_006_results_results_cell_2.npz,4371
713,20221123_221123_smFISH_72hpi_WT_HIV_006_results_results_cell_3.npz,2071
714,20221123_221123_smFISH_72hpi_WT_HIV_006_results_results_cell_4.npz,795
715,20221123_221123_smFISH_72hpi_WT_HIV_006_results_results_cell_5.npz,2079
716,20221123_221123_smFISH_72hpi_WT_HIV_006_results_results_cell_6.npz,2772
717,20221123_221123_smFISH_72hpi_WT_HIV_006_results_results_cell_7.npz,40
718,20221123_221123_smFISH_72hpi_WT_HIV_006_results_results_cell_8.npz,6
719,20221123_221123_smFISH_72hpi_WT_HIV_006_results_results_cell_9.npz,362
720,20221123_221123_smFISH_72hpi_WT_HIV_006_results_results_cell_10.npz,945
721,20221123_221123_smFISH_72hpi_WT_HIV_006_results_results_cell_11.npz,109
722,20221123_221123_smFISH_72hpi_WT_HIV_006_results_results_cell_12.npz,121
723,20221123_221123_smFISH_72hpi_WT_HIV_006_results_results_cell_13.npz,1882
724,20221123_221123_smFISH_72hpi_WT_HIV_006_results_results_cell_14.npz,3297
725,20221123_221123_smFISH_72hpi_WT_HIV_006_results_results_cell_15.npz,5510
726,20221123_221123_smFISH_72hpi_WT_HIV_006_results_results_cell_16.npz,3799
727,20221123_221123_smFISH_72hpi_WT_HIV_006_results_results_cell_17.npz,6856
728,20221123_221123_smFISH_72hpi_WT_HIV_006_results_results_cell_18.npz,2255
729,20221123_221123_smFISH_72hpi_WT_HIV_006_results_results_cell_19.npz,2412
730,20221123_221123_smFISH_72hpi_WT_HIV_006_results_results_cell_20.npz,2622
731,20221123_221123_smFISH_72hpi_WT_HIV_006_results_results_cell_21.npz,1972
732,20221123_221123_smFISH_72hpi_WT_HIV_006_results_results_cell_22.npz,2828
733,20221123_221123_smFISH_72hpi_WT_HIV_006_results_results_cell_23.npz,4074
734,20221123_221123_smFISH_72hpi_WT_HIV_006_results_results_cell_24.npz,2378
735,20221123_221123_smFISH_72hpi_WT_HIV_006_results_results_cell_25.npz,2560
736,20221123_221123_smFISH_72hpi_WT_HIV_006_results_results_cell_26.npz,762
737,20221123_221123_smFISH_72hpi_WT_HIV_006_results_results_cell_27.npz,1062
738,20221123_221123_smFISH_72hpi_WT_HIV_006_results_results_cell_28.npz,499
739,20221123_221123_smFISH_72hpi_WT_HIV_006_results_results_cell_29.npz,2926
740,20221123_221123_smFISH_72hpi_MKRN1KO_HIV_005_results_results_cell_0.npz,3188
741,20221123_221123_smFISH_72hpi_MKRN1KO_HIV_005_results_results_cell_1.npz,1454
742,20221123_221123_smFISH_72hpi_MKRN1KO_HIV_005_results_results_cell_2.npz,161
743,20221123_221123_smFISH_72hpi_MKRN1KO_HIV_005_results_results_cell_3.npz,965
744,20221123_221123_smFISH_72hpi_MKRN1KO_HIV_005_results_results_cell_4.npz,3584
745,20221123_221123_smFISH_72hpi_MKRN1KO_HIV_005_results_results_cell_5.npz,1752
746,20221123_221123_smFISH_72hpi_MKRN1KO_HIV_005_results_results_cell_6.npz,4890
747,20221123_221123_smFISH_72hpi_MKRN1KO_HIV_005_results_results_cell_7.npz,3698
748,20221123_221123_smFISH_72hpi_MKRN1KO_HIV_005_results_results_cell_8.npz,2016
749,20221123_221123_smFISH_72hpi_MKRN1KO_HIV_005_results_results_cell_9.npz,44
750,20221123_221123_smFISH_72hpi_MKRN1KO_HIV_005_results_results_cell_10.npz,162
751,20221123_221123_smFISH_72hpi_MKRN1KO_HIV_005_results_results_cell_11.npz,2639
752,20221123_221123_smFISH_72hpi_MKRN1KO_HIV_005_results_results_cell_12.npz,4034
753,20221123_221123_smFISH_72hpi_MKRN1KO_HIV_005_results_results_cell_13.npz,671
754,20221123_221123_smFISH_72hpi_MKRN1KO_HIV_005_results_results_cell_14.npz,1452
755,20221123_221123_smFISH_72hpi_MKRN1KO_HIV_005_results_results_cell_15.npz,178
756,20221123_221123_smFISH_72hpi_MKRN1KO_HIV_005_results_results_cell_16.npz,307
757,20221123_221123_smFISH_72hpi_MKRN1KO_HIV_005_results_results_cell_17.npz,1401
758,20221123_221123_smFISH_72hpi_MKRN1KO_HIV_005_results_results_cell_18.npz,789
759,20221123_221123_smFISH_72hpi_MKRN1KO_HIV_005_results_results_cell_19.npz,795
760,20221123_221123_smFISH_72hpi_MKRN1KO_HIV_005_results_results_cell_20.npz,174
761,20221123_221123_smFISH_72hpi_MKRN1KO_HIV_005_results_results_cell_21.npz,4293
762,20221123_221123_smFISH_72hpi_MKRN1KO_HIV_005_results_results_cell_22.npz,4250
763,20221123_221123_smFISH_72hpi_MKRN1KO_HIV_005_results_results_cell_23.npz,86
764,20221123_221123_smFISH_72hpi_MKRN1KO_HIV_005_results_results_cell_24.npz,1451
765,20221123_221123_smFISH_72hpi_MKRN1KO_HIV_005_results_results_cell_25.npz,1092
766,20221123_221123_smFISH_72hpi_MKRN1KO_HIV_005_results_results_cell_26.npz,58
767,20221123_221123_smFISH_72hpi_MKRN1KO_HIV_005_results_results_cell_27.npz,113
768,20221123_221123_smFISH_72hpi_MKRN1KO_HIV_005_results_results_cell_28.npz,1095
769,20221123_221123_smFISH_72hpi_MKRN1KO_HIV_005_results_results_cell_29.npz,3247
770,20221123_221123_smFISH_72hpi_MKRN1KO_HIV_005_results_results_cell_30.npz,79
771,20221123_221123_smFISH_72hpi_MKRN1KO_HIV_005_results_results_cell_31.npz,209
